Nombre,Nacional o Internacional,Top,¿Trabajo en tv despues del concurso?,Area de desarrollo posterior
Anahí­ Hormazábal,Internacional,30,Si,Ingeniera y conductora de pequeños programas
Bernardita Zuñiga,Internacional,No clasifica,Si,Modelo y Apariciones en TV
Camila Andrade,Internacional,No clasifica,Si,Animadora y Panelista
Camila Recabarren,Internacional,No clasifica,Si,Rostro de Reality e Influencer
Carla Jara,Nacional ,No clasifica,Si,Actriz y Animadora
Cecilia Amenábar,Nacional,No clasifica,Si,Conductora MTV y Artista
Cecilia Bolocco,Internacional,Ganadora,Si,Animadora y Diseñadora
Celeste VIel,Internacional,20,No especificamente,Agente inmoviliario e influencer
Constanza Santa Maria,Nacional,No clasifica,Si,Periodista y Conductora Noticias
Daniella Campos,Internacional,10,Si,Figura de Farandula y Panelista
Emilia Dides,Internacional,12,Si,Cantante y Rostro de Medios
Gabriela Pulgar,Internacional,20,Si,Cantante y Programas de talento
Inna Moll,Internacional,12,Si,Influencer y Modelaje
Isabel Bawlitza,Internacional,10,Si,Modelo y Apariciones medios
Kenita Larrain,Nacional,No clasifica,Si,Modelo y Figura de Farandula
Marcela Vacarezza,Internacional,No clasifica,Si,Animadora y Psicologa en TV
Nataly Chilet,Internacional,No clasifica,Si,Conductora de TV y Panelista
Paulina Nin de Cardona,Internacional,No clasifica,Si,Conductora Noticias y Matinales
Raquel Argandoña,Internacional,No clasifica,Si,Animadora y Figura central TV
Renata Ruiz,Internacional,No clasifica,Si,Locutora y Conductora de TV
Savka Pollak,Internacional,No clasifica,Si,Animadora e Icono de TV
Tonka Tomicic,Internacional,No clasifica,Si,Animadora estelar
Veronica Roberts,Internacional,No clasifica,Si,Rostro programas juveniles
